[
  {
    "id": "plectropomus_areolatus",
    "common_ar": "ناجل مرقط",
    "common_en": "Squaretail Coral Grouper",
    "latin": "Plectropomus areolatus",
    "max_length_cm": 120,
    "w_l_params": {
      "a": 12.3,
      "b": 3.02
    }
  },
  {
    "id": "cheilinus_undulatus",
    "common_ar": "طراد نابليون",
    "common_en": "Humphead Wrasse",
    "latin": "Cheilinus undulatus",
    "max_length_cm": 230,
    "w_l_params": {
      "a": 8.7,
      "b": 3.16
    }
  },
  {
    "id": "lutjanus_bohar",
    "common_ar": "حمرور",
    "common_en": "Red Snapper (Bohar)",
    "latin": "Lutjanus bohar",
    "max_length_cm": 90,
    "w_l_params": {
      "a": 10.5,
      "b": 3.05
    }
  }
]